id,lat,lon,data_hora_gmt,satelite,municipio,estado,pais,municipio_id,estado_id,pais_id,numero_dias_sem_chuva,precipitacao,risco_fogo,bioma,frp
7c9228d5-f5dd-389c-95b0-1a68978d8f15, -20.915899, -49.511501,2026-04-03 00:07:00,METOP-B,MIRASSOL,SÃO PAULO,Brasil,3530300,35,33,0,0.39,0.01,Mata Atlântica,
9928c81b-876a-3415-ac97-69a4199be0e0, -19.391001, -43.570801,2026-04-03 00:07:00,METOP-B,JABOTICATUBAS,MINAS GERAIS,Brasil,3134608,31,33,0,2.06,0.0,Cerrado,
88168f21-30b3-3ad4-88b8-09626631c15b, -21.712190, -48.430130,2026-04-03 00:18:00,TERRA_M-M,MATÃO,SÃO PAULO,Brasil,3529302,35,33,0,0.0,0.09,Cerrado,4.9
13493256-9531-349c-bfda-214ab7d0855a, -20.915690, -49.523800,2026-04-03 00:18:00,TERRA_M-M,MIRASSOL,SÃO PAULO,Brasil,3530300,35,33,0,0.36,0.01,Mata Atlântica,11.2
b136aa1f-864f-349f-a255-b7d8787305f8, -22.182900, -56.971350,2026-04-03 00:18:00,TERRA_M-M,BELA VISTA,MATO GROSSO DO SUL,Brasil,5002100,50,33,2,1.11,0.35,Cerrado,27.4
c87aa1a0-1d2a-3c48-9c65-89716f92b8ac, -20.917040, -49.534510,2026-04-03 00:18:00,TERRA_M-M,MIRASSOL,SÃO PAULO,Brasil,3530300,35,33,0,0.29,0.03,Mata Atlântica,7.9
9c41845f-64b6-3946-a934-213c3365dd14, -19.384210, -43.585720,2026-04-03 00:18:00,TERRA_M-M,JABOTICATUBAS,MINAS GERAIS,Brasil,3134608,31,33,1,1.83,0.0,Cerrado,12.5
909a36d8-0b3f-3ad2-9b76-ed421efccda9, -19.394550, -43.584050,2026-04-03 00:18:00,TERRA_M-M,JABOTICATUBAS,MINAS GERAIS,Brasil,3134608,31,33,1,2.05,0.0,Cerrado,19.9
03e0f280-2cc6-329e-8fa3-51d8f1aa4c51, -20.285480, -50.437100,2026-04-03 00:18:00,TERRA_M-M,ESTRELA D'OESTE,SÃO PAULO,Brasil,3515202,35,33,0,0.0,0.41,Mata Atlântica,6.5
5fc37f31-d5d9-3394-b145-181f25d89f79,   1.300840, -60.653170,2026-04-03 00:24:00,TERRA_M-M,CARACARAÍ,RORAIMA,Brasil,1400209,14,33,2,2.16,0.05,Amazônia,30.9
7e992342-5a0a-3e3d-a91c-4d6b07dffae6, -19.389799, -43.579399,2026-04-03 00:40:00,METOP-C,JABOTICATUBAS,MINAS GERAIS,Brasil,3134608,31,33,0,2.0,0.0,Cerrado,
bcda84ea-dd38-352a-afab-cd9515260628,  -7.215090, -34.906590,2026-04-03 03:30:00,NOAA-21,CONDE,PARAÍBA,Brasil,2504603,25,33,-999,0.5,0.0,Mata Atlântica,2.9
ca093136-f78d-36bf-b55c-ac542d096683,  -7.745860, -35.427270,2026-04-03 03:30:00,NOAA-21,LIMOEIRO,PERNAMBUCO,Brasil,2608909,26,33,0,0.0,0.0,Mata Atlântica,1.2
bffadadf-f16c-36d3-bc7a-9d16f3d77d14, -19.388490, -43.585520,2026-04-03 03:34:00,NOAA-21,JABOTICATUBAS,MINAS GERAIS,Brasil,3134608,31,33,1,1.91,0.0,Cerrado,2.5
a89b994b-be4c-30f6-85a8-fbfd5f844acd, -22.081370, -43.176290,2026-04-03 03:34:00,NOAA-21,TRÊS RIOS,RIO DE JANEIRO,Brasil,3306008,33,33,5,11.12,0.0,Mata Atlântica,1.7
495c25e7-ba52-31d8-a658-8bda00038001, -19.598000, -40.069680,2026-04-03 03:34:00,NOAA-21,ARACRUZ,ESPÍRITO SANTO,Brasil,3200607,32,33,2,0.0,0.62,Mata Atlântica,0.8
bd82a1fe-d79c-32f7-87a4-1ae9d52fcba1, -30.402170, -54.262690,2026-04-03 03:38:00,NOAA-21,SANTA MARGARIDA DO SUL,RIO GRANDE DO SUL,Brasil,4316972,43,33,4,0.0,0.99,Pampa,4.5
a494a272-1be3-3f4b-b257-6538c4818b81, -30.405390, -54.264760,2026-04-03 03:38:00,NOAA-21,SÃO GABRIEL,RIO GRANDE DO SUL,Brasil,4318309,43,33,4,0.0,0.99,Pampa,4.1
eb52c6b4-b945-312e-8cb4-7e5438fa09ac,  -7.213750, -34.906640,2026-04-03 04:02:00,NPP-375D,CONDE,PARAÍBA,Brasil,2504603,25,33,-999,0.5,0.0,Mata Atlântica,2.0
708772cf-e3f6-322e-a5aa-86a58702c675, -12.051860, -45.221320,2026-04-03 04:04:00,NPP-375D,BARREIRAS,BAHIA,Brasil,2903201,29,33,4,4.02,0.01,Cerrado,1.0
1ee0a66c-3c97-3a43-8e91-d41406d24258, -12.051180, -45.225130,2026-04-03 04:04:00,NPP-375D,BARREIRAS,BAHIA,Brasil,2903201,29,33,4,3.98,0.01,Cerrado,1.0
52a66ecf-306c-3449-8f8e-56d8ff7d32ba, -12.038060, -45.226640,2026-04-03 04:04:00,NPP-375D,BARREIRAS,BAHIA,Brasil,2903201,29,33,4,3.94,0.01,Cerrado,2.2
f989e2ec-6c99-3f26-a6b6-786d765cdd52, -12.042200, -45.227410,2026-04-03 04:04:00,NPP-375D,BARREIRAS,BAHIA,Brasil,2903201,29,33,4,3.99,0.01,Cerrado,1.7
ec80f64f-6b62-34ae-bad4-e0b918d809b6, -12.042890, -45.223590,2026-04-03 04:04:00,NPP-375D,BARREIRAS,BAHIA,Brasil,2903201,29,33,4,4.03,0.01,Cerrado,1.3
39b750be-8683-318a-ba22-cb57ad8976d2, -15.769020, -43.237000,2026-04-03 04:04:00,NPP-375D,PORTEIRINHA,MINAS GERAIS,Brasil,3152204,31,33,3,3.23,0.02,Cerrado,1.5
83754897-3cda-3858-babc-fb2ed763d1e7, -12.047030, -45.224360,2026-04-03 04:04:00,NPP-375D,BARREIRAS,BAHIA,Brasil,2903201,29,33,4,4.03,0.01,Cerrado,1.3
e0e50368-0916-3850-ad6e-3fbb2eb4c9fb, -21.711340, -48.426380,2026-04-03 04:06:00,NPP-375D,MATÃO,SÃO PAULO,Brasil,3529302,35,33,0,0.0,0.09,Cerrado,1.5
2732b4a8-a4d4-30d0-bc98-f61a09dbbe00, -23.034940, -52.682740,2026-04-03 04:06:00,NPP-375D,PARANAVAÍ,PARANÁ,Brasil,4118402,41,33,1,0.0,0.88,Mata Atlântica,1.2
269dd5cf-a953-30ac-8bc5-0c1511a6db30, -19.382080, -43.578850,2026-04-03 04:06:00,NPP-375D,JABOTICATUBAS,MINAS GERAIS,Brasil,3134608,31,33,0,1.85,0.0,Cerrado,0.5
689d5a21-b4e6-3bc3-97a9-10c9f78aa685, -23.028650, -52.685220,2026-04-03 04:06:00,NPP-375D,PARANAVAÍ,PARANÁ,Brasil,4118402,41,33,1,0.0,0.66,Mata Atlântica,5.1
d22e4455-9693-3b7b-81ec-27e223966a93, -21.708540, -48.424530,2026-04-03 04:06:00,NPP-375D,MATÃO,SÃO PAULO,Brasil,3529302,35,33,0,0.0,0.09,Cerrado,0.8
fcc1d71c-3a01-354f-a618-fb734a4fcc27, -20.281660, -50.441610,2026-04-03 04:06:00,NPP-375D,ESTRELA D'OESTE,SÃO PAULO,Brasil,3515202,35,33,0,0.0,0.41,Mata Atlântica,1.8
d0f31e86-76ec-3148-b83c-ec2fb85b6e56, -23.029550, -52.681290,2026-04-03 04:06:00,NPP-375D,PARANAVAÍ,PARANÁ,Brasil,4118402,41,33,1,0.0,0.56,Mata Atlântica,5.1
503e2fef-b2da-319f-b7c8-a8000c12ad85, -21.712790, -48.425630,2026-04-03 04:06:00,NPP-375D,MATÃO,SÃO PAULO,Brasil,3529302,35,33,0,0.0,0.09,Cerrado,0.8
c396d044-34e5-3ce1-9a31-8e194f514ca2, -29.746000, -51.197800,2026-04-03 04:08:00,NPP-375D,SÃO LEOPOLDO,RIO GRANDE DO SUL,Brasil,4318705,43,33,4,0.0,0.39,Pampa,1.3
3e451202-32f5-3808-b24a-b4b15b6ffa9b, -22.185930, -56.969620,2026-04-03 04:08:00,NPP-375D,BELA VISTA,MATO GROSSO DO SUL,Brasil,5002100,50,33,2,1.09,0.34,Cerrado,3.4
5cc94499-ad1d-30be-b4ff-61832d4abe15, -29.718630, -50.680820,2026-04-03 04:08:00,NPP-375D,SANTO ANTÔNIO DA PATRULHA,RIO GRANDE DO SUL,Brasil,4317608,43,33,4,0.0,0.95,Mata Atlântica,0.8
af5137e5-7cbd-3787-8649-099bf398f1dc, -29.713530, -50.684070,2026-04-03 04:08:00,NPP-375D,SANTO ANTÔNIO DA PATRULHA,RIO GRANDE DO SUL,Brasil,4317608,43,33,4,0.0,0.67,Mata Atlântica,0.8
66502cb0-da77-3fba-ab41-450e5c232375, -22.183140, -56.966580,2026-04-03 04:08:00,NPP-375D,BELA VISTA,MATO GROSSO DO SUL,Brasil,5002100,50,33,2,1.16,0.33,Cerrado,2.5
e49bfc3d-0d6a-3db2-9b7d-9cfdbeee5182, -22.184110, -56.976810,2026-04-03 04:08:00,NPP-375D,BELA VISTA,MATO GROSSO DO SUL,Brasil,5002100,50,33,2,1.04,0.37,Cerrado,2.2
7daf0222-37c8-3980-9378-41edaf45cca1, -22.181330, -56.973560,2026-04-03 04:08:00,NPP-375D,BELA VISTA,MATO GROSSO DO SUL,Brasil,5002100,50,33,2,1.1,0.35,Cerrado,2.5
c73f86c6-f62f-3e51-bf96-6897f3c25732, -22.177330, -56.974190,2026-04-03 04:08:00,NPP-375D,BELA VISTA,MATO GROSSO DO SUL,Brasil,5002100,50,33,2,1.13,0.35,Cerrado,2.2
8a3bce4d-80d0-30e3-8cbe-b33ef2d7bcb4, -30.404790, -54.263150,2026-04-03 04:08:00,NPP-375D,SANTA MARGARIDA DO SUL,RIO GRANDE DO SUL,Brasil,4316972,43,33,4,0.0,0.99,Pampa,2.9
62977901-0734-3875-be44-b17e9951e194, -31.046240, -53.068150,2026-04-03 04:10:00,NPP-375D,PIRATINI,RIO GRANDE DO SUL,Brasil,4314605,43,33,4,0.0,0.74,Pampa,1.2
cb943cf0-6b1a-34e6-9fef-ea8c09bee822, -12.051340, -45.220330,2026-04-03 04:23:00,NOAA-20,BARREIRAS,BAHIA,Brasil,2903201,29,33,4,4.03,0.01,Cerrado,0.8
315b9941-2528-3671-a1a0-0e86071d7426,  -9.457020, -59.194820,2026-04-03 04:23:00,NOAA-20,COLNIZA,MATO GROSSO,Brasil,5103254,51,33,0,6.58,0.01,Amazônia,3.5
a9c0bcd9-62f2-32d1-9127-34b90be5a7ac,  -9.458350, -59.196750,2026-04-03 04:23:00,NOAA-20,COLNIZA,MATO GROSSO,Brasil,5103254,51,33,0,6.49,0.01,Amazônia,6.5
8d7dfc56-b1d1-35cf-a605-d81480c50cb3, -12.040780, -45.226130,2026-04-03 04:23:00,NOAA-20,BARREIRAS,BAHIA,Brasil,2903201,29,33,4,3.98,0.01,Cerrado,1.3
e5007bc1-0c1e-3b47-a6f6-e46b23dd0eb0, -12.047460, -45.223360,2026-04-03 04:23:00,NOAA-20,BARREIRAS,BAHIA,Brasil,2903201,29,33,4,4.04,0.01,Cerrado,1.0
44d55f3c-d371-33f0-91d5-c73a3e315c00,  -9.455650, -59.201580,2026-04-03 04:23:00,NOAA-20,COLNIZA,MATO GROSSO,Brasil,5103254,51,33,0,6.32,0.01,Amazônia,3.5
90692a65-d556-3484-a3f1-9581c501d851, -12.050790, -45.223890,2026-04-03 04:23:00,NOAA-20,BARREIRAS,BAHIA,Brasil,2903201,29,33,4,4.0,0.01,Cerrado,0.8
452bd87d-e51f-3a15-bb4a-8ad4a64c3365, -12.041330, -45.222580,2026-04-03 04:23:00,NOAA-20,BARREIRAS,BAHIA,Brasil,2903201,29,33,4,4.01,0.01,Cerrado,0.6
ddb34c14-2a24-325a-8a29-689ccc6aa329, -12.043580, -45.226380,2026-04-03 04:23:00,NOAA-20,BARREIRAS,BAHIA,Brasil,2903201,29,33,4,4.02,0.01,Cerrado,1.3
45167285-62f6-37ce-b958-dddf5cfcf286, -12.037450, -45.225600,2026-04-03 04:23:00,NOAA-20,BARREIRAS,BAHIA,Brasil,2903201,29,33,4,3.93,0.01,Cerrado,1.3
f9a2d396-44e6-3813-992a-8392ae05f1c8, -12.636060, -52.143510,2026-04-03 04:23:00,NOAA-20,QUERÊNCIA,MATO GROSSO,Brasil,5107065,51,33,0,0.1,0.01,Amazônia,1.2
ed3515c3-66d0-3160-8648-9bcb4bc5bc77, -12.034120, -45.225070,2026-04-03 04:23:00,NOAA-20,BARREIRAS,BAHIA,Brasil,2903201,29,33,4,3.89,0.01,Cerrado,0.6
1f2fd926-9aa8-3934-961e-56d7e968c86a, -12.033570, -45.228620,2026-04-03 04:23:00,NOAA-20,BARREIRAS,BAHIA,Brasil,2903201,29,33,4,3.87,0.01,Cerrado,0.6
299494a7-15ac-3933-b0ff-4dbe1a1ad558, -15.768400, -43.237700,2026-04-03 04:23:00,NOAA-20,PORTEIRINHA,MINAS GERAIS,Brasil,3152204,31,33,3,3.24,0.02,Cerrado,0.7
7c6733f9-7fda-340b-ae56-44645ad97cb7, -12.044130, -45.222820,2026-04-03 04:23:00,NOAA-20,BARREIRAS,BAHIA,Brasil,2903201,29,33,4,4.06,0.01,Cerrado,1.0
aa34197e-a683-3257-bb3b-ea13e3bce00e, -20.915460, -49.525710,2026-04-03 04:25:00,NOAA-20,MIRASSOL,SÃO PAULO,Brasil,3530300,35,33,0,0.34,0.01,Mata Atlântica,0.7
3a41a5ba-687c-33aa-9262-ade5620e6c78, -20.759000, -49.332640,2026-04-03 04:25:00,NOAA-20,SÃO JOSÉ DO RIO PRETO,SÃO PAULO,Brasil,3549805,35,33,0,1.28,-999.0,Mata Atlântica,0.4
dcdafbfc-ac0b-3fb9-b01a-50381a9b86a7, -20.283640, -50.440920,2026-04-03 04:25:00,NOAA-20,ESTRELA D'OESTE,SÃO PAULO,Brasil,3515202,35,33,0,0.0,0.41,Mata Atlântica,1.2
7a2bca71-566e-3c63-b07b-e445c65530bb, -21.711650, -48.427800,2026-04-03 04:25:00,NOAA-20,MATÃO,SÃO PAULO,Brasil,3529302,35,33,0,0.0,0.09,Cerrado,0.5
be64d3b0-47ff-38a4-89a3-71e10b5464a7, -22.080930, -43.175370,2026-04-03 04:25:00,NOAA-20,TRÊS RIOS,RIO DE JANEIRO,Brasil,3306008,33,33,5,11.08,0.0,Mata Atlântica,1.1
a6ffb611-01a8-3a10-9987-858ee488e0c9, -21.708930, -48.423490,2026-04-03 04:25:00,NOAA-20,MATÃO,SÃO PAULO,Brasil,3529302,35,33,0,0.0,0.09,Cerrado,0.5
f2b7ced2-2486-3545-a541-fb5d45758f10, -21.708340, -48.427200,2026-04-03 04:25:00,NOAA-20,MATÃO,SÃO PAULO,Brasil,3529302,35,33,0,0.0,0.09,Cerrado,0.5
e9c6725c-6bf3-3bfe-9325-d62d5c8834b5, -21.668430, -56.322810,2026-04-03 04:25:00,NOAA-20,BELA VISTA,MATO GROSSO DO SUL,Brasil,5002100,50,33,0,0.0,0.83,Cerrado,1.3
41302de6-ec35-31b7-aa6e-f868c1f9ce7d, -21.204950, -55.644040,2026-04-03 04:25:00,NOAA-20,NIOAQUE,MATO GROSSO DO SUL,Brasil,5005806,50,33,0,0.0,0.06,Cerrado,1.1
65ac2cc4-1c69-33f0-842f-b13faaacc5fc, -23.776000, -55.324900,2026-04-03 04:27:00,NOAA-20,PARANHOS,MATO GROSSO DO SUL,Brasil,5006358,50,33,2,0.1,0.71,Mata Atlântica,0.8
80947658-7686-3db6-aa02-e0c1751dc834, -30.405620, -54.260470,2026-04-03 04:27:00,NOAA-20,SANTA MARGARIDA DO SUL,RIO GRANDE DO SUL,Brasil,4316972,43,33,4,0.0,0.99,Pampa,2.9
8be2ccda-1b0a-3ca6-b555-ede81f2de3da, -23.029980, -52.682270,2026-04-03 04:27:00,NOAA-20,PARANAVAÍ,PARANÁ,Brasil,4118402,41,33,1,0.0,0.61,Mata Atlântica,2.7
32b807bd-15d4-3237-b9b7-625c2403ca12, -23.776840, -55.320610,2026-04-03 04:27:00,NOAA-20,PARANHOS,MATO GROSSO DO SUL,Brasil,5006358,50,33,2,0.1,0.69,Mata Atlântica,0.9
59d32d9b-ee5c-36ff-b0a1-7ba2b20e270e, -30.404730, -54.265260,2026-04-03 04:27:00,NOAA-20,SÃO GABRIEL,RIO GRANDE DO SUL,Brasil,4318309,43,33,4,0.0,0.98,Pampa,2.9
ba6ac815-e6a0-306e-807d-643202425ed7, -26.668320, -52.018690,2026-04-03 04:27:00,NOAA-20,PASSOS MAIA,SANTA CATARINA,Brasil,4212270,42,33,5,0.0,0.1,Mata Atlântica,0.9
9397037d-0432-3c6e-81b6-bfcb03201ba1, -30.057760, -50.855550,2026-04-03 04:27:00,NOAA-20,VIAMÃO,RIO GRANDE DO SUL,Brasil,4323002,43,33,4,0.0,0.3,Pampa,0.8
78c57378-15d2-3b9c-bc23-d93425f3005e, -26.060450, -48.621630,2026-04-03 04:27:00,NOAA-20,ITAPOÁ,SANTA CATARINA,Brasil,4208450,42,33,-999,4.45,-999.0,Mata Atlântica,0.7
f6d677b2-05bc-357c-9ce6-655ead142a6b, -29.746660, -51.199660,2026-04-03 04:27:00,NOAA-20,SÃO LEOPOLDO,RIO GRANDE DO SUL,Brasil,4318705,43,33,4,0.0,0.27,Pampa,1.5
62661dac-9baf-3afa-bb19-8504189c96be, -29.718240, -50.680370,2026-04-03 04:27:00,NOAA-20,SANTO ANTÔNIO DA PATRULHA,RIO GRANDE DO SUL,Brasil,4317608,43,33,4,0.0,0.97,Mata Atlântica,0.8
173deafb-d511-31eb-9586-452fdfdff09f, -22.183210, -56.969780,2026-04-03 04:27:00,NOAA-20,BELA VISTA,MATO GROSSO DO SUL,Brasil,5002100,50,33,2,1.12,0.34,Cerrado,3.8
88e4712d-9465-3132-989a-b72fa180f367, -30.130280, -51.960110,2026-04-03 04:27:00,NOAA-20,BUTIÁ,RIO GRANDE DO SUL,Brasil,4302709,43,33,4,0.0,0.7,Pampa,0.9
8150a7b9-7eba-3872-9fc1-6308d21bf0a5, -22.178430, -56.968410,2026-04-03 04:27:00,NOAA-20,BELA VISTA,MATO GROSSO DO SUL,Brasil,5002100,50,33,2,1.19,0.33,Cerrado,3.8
8a9c1502-b1ba-3cd7-8270-80a924ceeb75, -29.714290, -50.683640,2026-04-03 04:27:00,NOAA-20,SANTO ANTÔNIO DA PATRULHA,RIO GRANDE DO SUL,Brasil,4317608,43,33,4,0.0,0.71,Mata Atlântica,0.8
fdd35baa-c99c-33f6-8fcf-a7a386192ea7, -22.184400, -56.964160,2026-04-03 04:27:00,NOAA-20,BELA VISTA,MATO GROSSO DO SUL,Brasil,5002100,50,33,2,1.17,0.32,Cerrado,3.8
77945ade-96a8-36d2-b205-f9adca85fe58, -31.048160, -53.067040,2026-04-03 04:29:00,NOAA-20,PIRATINI,RIO GRANDE DO SUL,Brasil,4314605,43,33,4,0.0,0.64,Pampa,1.2
3860dd28-9a3e-3009-a324-f6a9574a518b, -31.047410, -53.071300,2026-04-03 04:29:00,NOAA-20,PIRATINI,RIO GRANDE DO SUL,Brasil,4314605,43,33,4,0.0,0.68,Pampa,0.7
3af86812-6191-3922-83b1-de02521702c9,   2.823850, -60.211070,2026-04-03 05:10:00,NOAA-21,BONFIM,RORAIMA,Brasil,1400159,14,33,2,0.1,0.2,Amazônia,1.1
37b66c56-e743-33a6-ae62-9665d869d636,  -3.020900, -53.970180,2026-04-03 05:10:00,NOAA-21,URUARÁ,PARÁ,Brasil,1508159,15,33,0,0.0,0.0,Amazônia,0.6
302ceba6-e6b9-37c5-8c90-df928ab3e1a3,  -9.462170, -59.194240,2026-04-03 05:12:00,NOAA-21,COLNIZA,MATO GROSSO,Brasil,5103254,51,33,0,6.55,0.01,Amazônia,15.8
ba42d960-2afa-3fce-a051-dfbaece45a68,  -9.119020, -61.489320,2026-04-03 05:12:00,NOAA-21,COLNIZA,MATO GROSSO,Brasil,5103254,51,33,1,0.5,0.01,Amazônia,2.5
df129d95-ac1f-3fa6-8c21-df4a4d5bfe20, -23.029800, -52.678150,2026-04-03 05:16:00,NOAA-21,PARANAVAÍ,PARANÁ,Brasil,4118402,41,33,1,0.0,0.57,Mata Atlântica,3.4
31b335ae-4a19-383d-82f6-9f5a89fe62e0, -22.184650, -56.971890,2026-04-03 05:16:00,NOAA-21,BELA VISTA,MATO GROSSO DO SUL,Brasil,5002100,50,33,2,1.08,0.35,Cerrado,5.2
026839d4-7068-3504-ad4b-15bbd12ad2d4, -21.672000, -56.320310,2026-04-03 05:16:00,NOAA-21,BELA VISTA,MATO GROSSO DO SUL,Brasil,5002100,50,33,0,0.0,0.99,Cerrado,2.4
c8757595-f95b-3491-8af2-839e783f7a7f, -22.181520, -56.966540,2026-04-03 05:16:00,NOAA-21,BELA VISTA,MATO GROSSO DO SUL,Brasil,5002100,50,33,2,1.18,0.32,Cerrado,3.2
c498bea3-854c-38a2-832a-c772acff0f80, -22.180900, -56.971400,2026-04-03 05:16:00,NOAA-21,BELA VISTA,MATO GROSSO DO SUL,Brasil,5002100,50,33,2,1.13,0.34,Cerrado,3.2
ce735a0c-cf3f-3e3d-81b8-04ccb2ef4e44, -21.664270, -56.319260,2026-04-03 05:16:00,NOAA-21,BELA VISTA,MATO GROSSO DO SUL,Brasil,5002100,50,33,0,0.0,1.0,Cerrado,2.2
feabd854-5918-3b83-af76-d9d522aebd7a, -22.185280, -56.967030,2026-04-03 05:16:00,NOAA-21,BELA VISTA,MATO GROSSO DO SUL,Brasil,5002100,50,33,2,1.12,0.33,Cerrado,5.2
a29203b4-f202-3839-9f6a-a005a5c348ff, -23.029220, -52.683930,2026-04-03 05:16:00,NOAA-21,PARANAVAÍ,PARANÁ,Brasil,4118402,41,33,1,0.0,0.62,Mata Atlântica,6.1
0f1e4a95-aa5b-3598-9e93-62a31122fc17, -21.667480, -56.324880,2026-04-03 05:16:00,NOAA-21,BELA VISTA,MATO GROSSO DO SUL,Brasil,5002100,50,33,0,0.0,0.68,Cerrado,2.4
50c50447-23d4-3dfc-93f2-169ee21a9e6e, -21.668140, -56.319770,2026-04-03 05:16:00,NOAA-21,BELA VISTA,MATO GROSSO DO SUL,Brasil,5002100,50,33,0,0.0,1.0,Cerrado,2.4
9b2b6c13-4784-3e81-b59c-269fde04d765, -23.034160, -52.684580,2026-04-03 05:16:00,NOAA-21,PARANAVAÍ,PARANÁ,Brasil,4118402,41,33,1,0.0,0.79,Mata Atlântica,2.7
9efc4115-9141-352c-8f3d-ef04d607fe1d, -23.779150, -55.323720,2026-04-03 05:16:00,NOAA-21,PARANHOS,MATO GROSSO DO SUL,Brasil,5006358,50,33,2,0.1,0.6,Mata Atlântica,0.8
af7e5d82-d723-37a0-97b2-6290ee76a9cf, -20.547090, -55.876460,2026-04-03 05:16:00,NOAA-21,ANASTÁCIO,MATO GROSSO DO SUL,Brasil,5000708,50,33,7,0.0,0.86,Cerrado,1.4
1c3447ad-7d13-336f-99d4-d214686be276, -20.546410, -55.881650,2026-04-03 05:16:00,NOAA-21,ANASTÁCIO,MATO GROSSO DO SUL,Brasil,5000708,50,33,7,0.0,0.86,Cerrado,1.4
25b5ac0f-799f-3ae2-8ee3-446018ce9004, -30.406130, -54.265060,2026-04-03 05:18:00,NOAA-21,SÃO GABRIEL,RIO GRANDE DO SUL,Brasil,4318309,43,33,4,0.0,0.98,Pampa,6.1
21b6feaa-6d80-3a21-aec2-1c30c6c2511c, -30.403680, -54.263920,2026-04-03 05:18:00,NOAA-21,SANTA MARGARIDA DO SUL,RIO GRANDE DO SUL,Brasil,4316972,43,33,4,0.0,0.99,Pampa,4.0
864bfd62-bc67-3241-9c77-80ca1c0758c2,   2.822580, -60.211670,2026-04-03 05:40:00,NPP-375D,BONFIM,RORAIMA,Brasil,1400159,14,33,2,0.1,0.2,Amazônia,0.8
84a7ebcb-0536-3dfc-baca-dbb0111c7dbf,   1.307450, -60.656670,2026-04-03 05:40:00,NPP-375D,CARACARAÍ,RORAIMA,Brasil,1400209,14,33,2,2.22,0.05,Amazônia,1.6
42ce16c5-ae9d-3dc0-bf33-d66ab2be0c5b,   1.300710, -60.657720,2026-04-03 05:40:00,NPP-375D,CARACARAÍ,RORAIMA,Brasil,1400209,14,33,2,2.16,0.05,Amazônia,1.6
d2421fe1-27ce-3175-bacc-c0ecc5552f14,   1.308020, -60.660240,2026-04-03 05:40:00,NPP-375D,CARACARAÍ,RORAIMA,Brasil,1400209,14,33,2,2.23,0.05,Amazônia,1.6
036c9f81-8ae5-30c1-bebd-e4f8b7637068,   1.304650, -60.660760,2026-04-03 05:40:00,NPP-375D,CARACARAÍ,RORAIMA,Brasil,1400209,14,33,2,2.2,0.05,Amazônia,1.6
7d6773de-9011-321e-8dff-0f2f07dfab37,    .967590, -60.409930,2026-04-03 05:40:00,NPP-375D,RORAINÓPOLIS,RORAIMA,Brasil,1400472,14,33,2,0.67,0.77,Amazônia,1.0
9e8cdede-7784-381a-9c10-65832dfc6d12,   1.301280, -60.661290,2026-04-03 05:40:00,NPP-375D,CARACARAÍ,RORAIMA,Brasil,1400209,14,33,2,2.16,0.05,Amazônia,1.6
bc83bcdb-0e2c-3ad2-9bf0-65eeaa18e7bb,   1.304080, -60.657200,2026-04-03 05:40:00,NPP-375D,CARACARAÍ,RORAIMA,Brasil,1400209,14,33,2,2.19,0.05,Amazônia,1.6
2ec18c91-119c-38c2-963e-fb25e6bbfa47,   1.289910, -60.611850,2026-04-03 05:40:00,NPP-375D,CARACARAÍ,RORAIMA,Brasil,1400209,14,33,2,2.15,0.05,Amazônia,0.8
26c6e0ad-562d-3232-ae45-7557a640f90e,  -9.463300, -59.197430,2026-04-03 05:44:00,NPP-375D,COLNIZA,MATO GROSSO,Brasil,5103254,51,33,0,6.41,0.01,Amazônia,3.1
f268391a-d80a-38e3-863a-847ecdc541cd,  -9.463830, -59.193760,2026-04-03 05:44:00,NPP-375D,COLNIZA,MATO GROSSO,Brasil,5103254,51,33,0,6.55,0.01,Amazônia,3.3
0dfdc082-78db-3cd0-9f94-67215fe0ecce,  -9.116200, -61.490790,2026-04-03 05:44:00,NPP-375D,COLNIZA,MATO GROSSO,Brasil,5103254,51,33,1,0.5,0.01,Amazônia,1.2
5f52f2ae-874f-397a-904b-bbcdc5724959,  -9.119770, -61.491340,2026-04-03 05:44:00,NPP-375D,COLNIZA,MATO GROSSO,Brasil,5103254,51,33,1,0.49,0.02,Amazônia,1.2
50210dde-1ba7-33bb-aebf-9df61dc95520,  -9.459730, -59.193130,2026-04-03 05:44:00,NPP-375D,COLNIZA,MATO GROSSO,Brasil,5103254,51,33,0,6.62,0.01,Amazônia,3.3
3b3d54fe-7347-3c9c-bea6-3ac41989f2b4,  -9.459210, -59.196800,2026-04-03 05:44:00,NPP-375D,COLNIZA,MATO GROSSO,Brasil,5103254,51,33,0,6.48,0.01,Amazônia,3.1
6b6f431a-5435-32dd-8e8a-96c4c644d3b3, -20.546510, -55.878990,2026-04-03 05:46:00,NPP-375D,ANASTÁCIO,MATO GROSSO DO SUL,Brasil,5000708,50,33,7,0.0,0.86,Cerrado,1.4
6a970c3d-e4e7-385e-881e-1e5c80903caa, -20.543500, -55.877510,2026-04-03 05:46:00,NPP-375D,ANASTÁCIO,MATO GROSSO DO SUL,Brasil,5000708,50,33,7,0.0,0.85,Cerrado,0.8
ef39856e-4756-3dd6-a4b3-3e23ce8a7308, -20.543100, -55.881980,2026-04-03 05:46:00,NPP-375D,ANASTÁCIO,MATO GROSSO DO SUL,Brasil,5000708,50,33,7,0.0,0.86,Cerrado,0.8
6690f1a9-a84f-3762-b6d0-d32a18b7a1f1, -21.666370, -56.318780,2026-04-03 05:46:00,NPP-375D,BELA VISTA,MATO GROSSO DO SUL,Brasil,5002100,50,33,0,0.0,1.0,Cerrado,1.9
3113a8c5-45b9-33cc-ae0c-b90e1d059b61, -21.665990, -56.323100,2026-04-03 05:46:00,NPP-375D,BELA VISTA,MATO GROSSO DO SUL,Brasil,5002100,50,33,0,0.0,0.75,Cerrado,2.9
985f4425-23d0-3359-8835-e13281735dda, -22.180070, -56.970200,2026-04-03 05:48:00,NPP-375D,BELA VISTA,MATO GROSSO DO SUL,Brasil,5002100,50,33,2,1.15,0.34,Cerrado,3.4
fc9effae-7a27-3df7-8392-87742649e316, -22.186120, -56.966370,2026-04-03 05:48:00,NPP-375D,BELA VISTA,MATO GROSSO DO SUL,Brasil,5002100,50,33,2,1.12,0.33,Cerrado,1.9
1fc955ad-e198-3230-845e-815a1cf9efa7, -22.185740, -56.970490,2026-04-03 05:48:00,NPP-375D,BELA VISTA,MATO GROSSO DO SUL,Brasil,5002100,50,33,2,1.09,0.34,Cerrado,2.5
0d61b72c-7d86-344b-a877-fcf5fa5b06a1, -30.404260, -54.265800,2026-04-03 05:50:00,NPP-375D,SÃO GABRIEL,RIO GRANDE DO SUL,Brasil,4318309,43,33,4,0.0,0.98,Pampa,2.4
5fbad2fb-7f46-3e69-a883-b3dc956682d1,   2.823080, -60.211940,2026-04-03 05:59:00,NOAA-20,BONFIM,RORAIMA,Brasil,1400159,14,33,2,0.1,0.2,Amazônia,1.1
4158a2cd-bbbb-3c14-8ff0-11c96c29a6f9,   2.130630, -61.257530,2026-04-03 06:01:00,NOAA-20,IRACEMA,RORAIMA,Brasil,1400282,14,33,2,1.88,0.72,Amazônia,2.6
578d161f-88ea-35c6-a335-c143d1054676,   1.306570, -60.658390,2026-04-03 06:01:00,NOAA-20,CARACARAÍ,RORAIMA,Brasil,1400209,14,33,2,2.22,0.05,Amazônia,4.0
27d82c02-239a-379f-a59e-84acfa9e7b8b,   2.129860, -61.252830,2026-04-03 06:01:00,NOAA-20,IRACEMA,RORAIMA,Brasil,1400282,14,33,2,1.83,0.34,Amazônia,2.8
0c332911-bc9a-37c1-80bd-6f62ff8bbf6b,   1.301720, -60.659150,2026-04-03 06:01:00,NOAA-20,CARACARAÍ,RORAIMA,Brasil,1400209,14,33,2,2.17,0.05,Amazônia,2.3
369aa6b5-9d77-3336-b2d1-d589c0f36d10,   2.119820, -61.220320,2026-04-03 06:01:00,NOAA-20,IRACEMA,RORAIMA,Brasil,1400282,14,33,2,1.61,0.08,Amazônia,2.2
5909b58a-0d27-3e69-81f6-27fdc9dfbaef,  -9.461050, -59.192120,2026-04-03 06:03:00,NOAA-20,COLNIZA,MATO GROSSO,Brasil,5103254,51,33,0,6.65,0.01,Amazônia,3.2
d7369164-3eea-3286-9cd1-f8fc0008a0d1,  -9.458080, -59.196050,2026-04-03 06:03:00,NOAA-20,COLNIZA,MATO GROSSO,Brasil,5103254,51,33,0,6.52,0.01,Amazônia,5.0
769aa423-91d4-3fc9-8e34-81cd259480a1,  -9.460400, -59.197120,2026-04-03 06:03:00,NOAA-20,COLNIZA,MATO GROSSO,Brasil,5103254,51,33,0,6.45,0.01,Amazônia,3.2
5c549b73-7709-31be-be55-b8ed36c10cb6, -22.178760, -56.966090,2026-04-03 06:44:00,AQUA_M-M,BELA VISTA,MATO GROSSO DO SUL,Brasil,5002100,50,33,2,1.22,0.32,Cerrado,10.4
bdbc2a5d-9be3-335a-a0e4-3ce5762a3a3f, -23.023520, -52.680500,2026-04-03 06:44:00,AQUA_M-M,PARANAVAÍ,PARANÁ,Brasil,4118402,41,33,1,0.0,0.27,Mata Atlântica,5.4
662e062a-3010-3fb2-9359-06bb2e60a999, -12.059780, -45.099980,2026-04-03 11:06:00,TERRA_M-M,BARREIRAS,BAHIA,Brasil,2903201,29,33,5,3.36,0.01,Cerrado,52.6
d903b569-77a2-393d-bb7a-dd404656ed81, -12.059680, -45.107840,2026-04-03 11:06:00,TERRA_M-M,BARREIRAS,BAHIA,Brasil,2903201,29,33,5,3.59,0.01,Cerrado,35.1
6792348b-eb2c-3118-8a4f-a855c90d8ffe, -18.928520, -39.964210,2026-04-03 11:08:00,TERRA_M-M,JAGUARÉ,ESPÍRITO SANTO,Brasil,3203056,32,33,-999,0.23,0.37,Mata Atlântica,6.4
c00f5f66-b6ae-30f8-913f-dd2d8ec4a0e3,  -9.459900, -55.934520,2026-04-03 12:44:00,TERRA_M-T,ALTA FLORESTA,MATO GROSSO,Brasil,5100250,51,33,0,6.5,0.0,Amazônia,8.3
a094dc6f-3530-3119-b24e-915cb27b401f,  -9.466270, -59.191750,2026-04-03 12:44:00,TERRA_M-T,COLNIZA,MATO GROSSO,Brasil,5103254,51,33,0,6.6,0.01,Amazônia,8.2
b36c6604-6bd5-369d-b967-54da310f142f, -18.492240, -54.727310,2026-04-03 12:46:00,TERRA_M-T,COXIM,MATO GROSSO DO SUL,Brasil,5003306,50,33,4,0.0,0.33,Cerrado,13.6
d8c3d06c-6f87-38e0-a1ba-fa38781c3f2f, -20.525780, -55.529260,2026-04-03 12:49:00,TERRA_M-T,DOIS IRMÃOS DO BURITI,MATO GROSSO DO SUL,Brasil,5003488,50,33,6,0.0,0.74,Cerrado,9.6
9ea46cb4-fcde-38d1-b9ca-dbbce0228a5b, -29.158220, -56.389060,2026-04-03 12:49:00,TERRA_M-T,ITAQUI,RIO GRANDE DO SUL,Brasil,4310603,43,33,11,0.0,1.0,Pampa,11.5
522b5d57-5195-3e82-8a2d-4809571a85a9, -19.481100, -40.275590,2026-04-03 16:03:00,NOAA-21,LINHARES,ESPÍRITO SANTO,Brasil,3203205,32,33,2,0.12,0.06,Mata Atlântica,5.7
2d8eb2ed-b9f4-34a0-a674-953b798dac23, -24.582950, -49.139790,2026-04-03 16:03:00,NOAA-21,ITAPIRAPUÃ PAULISTA,SÃO PAULO,Brasil,3522653,35,33,5,4.0,0.04,Mata Atlântica,4.5
fb7cb7d6-fee9-3fe1-b1f5-4e2a51f9d0a8, -11.662760, -37.544090,2026-04-03 16:05:00,NOAA-21,JANDAÍRA,BAHIA,Brasil,2917904,29,33,-999,1.47,0.09,Mata Atlântica,0.3
fe7a9062-1e1c-3c8e-9268-12b114ddbae7,  -1.618600, -50.127190,2026-04-03 16:09:00,NOAA-21,CURRALINHO,PARÁ,Brasil,1502806,15,33,-999,1.57,0.0,Amazônia,0.7
687bbf8c-c0a3-354d-ab35-a31a9c21f948, -30.511290, -51.485620,2026-04-03 16:33:00,NPP-375,TAPES,RIO GRANDE DO SUL,Brasil,4321105,43,33,-999,0.0,0.36,Pampa,5.2
d1b8bbe3-0f35-39e7-8f34-068438291766, -30.511610, -51.484370,2026-04-03 16:33:00,NPP-375,TAPES,RIO GRANDE DO SUL,Brasil,4321105,43,33,-999,0.0,0.38,Pampa,5.0
5a594420-cf9e-3de7-ab2d-50218a41a881, -18.682550, -50.948750,2026-04-03 16:35:00,NPP-375,CACHOEIRA ALTA,GOIÁS,Brasil,5204102,52,33,0,0.0,0.17,Cerrado,12.3
c6e050e6-a0af-342a-ab1f-cd9c830b893a, -27.860650, -49.919830,2026-04-03 16:35:00,NPP-375,PAINEL,SANTA CATARINA,Brasil,4211892,42,33,3,0.0,0.14,Mata Atlântica,2.0
ef52db88-d8e9-3b30-8fbd-faa668dff4d8, -18.680020, -50.945810,2026-04-03 16:35:00,NPP-375,CACHOEIRA ALTA,GOIÁS,Brasil,5204102,52,33,0,0.0,0.17,Cerrado,12.6
130f6f33-588a-3f18-b057-2c24093b44e9, -22.650050, -49.317940,2026-04-03 16:35:00,NPP-375,AGUDOS,SÃO PAULO,Brasil,3500709,35,33,7,1.38,0.04,Cerrado,2.3
70f3608a-cccd-3e0d-a838-0295ab6eed84, -24.585370, -49.139550,2026-04-03 16:35:00,NPP-375,ITAPIRAPUÃ PAULISTA,SÃO PAULO,Brasil,3522653,35,33,5,4.0,0.04,Mata Atlântica,5.6
ffa054f2-849e-3a78-8594-403e6ad3c411, -15.779960, -43.365440,2026-04-03 16:35:00,NPP-375,JANAÚBA,MINAS GERAIS,Brasil,3135100,31,33,3,1.59,0.1,Cerrado,3.7
82e03566-0f9c-327f-b794-75492a877bf4, -11.085480, -52.603260,2026-04-03 16:37:00,NPP-375,SÃO FÉLIX DO ARAGUAIA,MATO GROSSO,Brasil,5107859,51,33,0,0.0,0.05,Amazônia,16.5
1780c86f-80dc-38bd-8c79-3195f1a3072d, -18.839810, -41.901550,2026-04-03 16:37:00,NPP-375,GOVERNADOR VALADARES,MINAS GERAIS,Brasil,3127701,31,33,6,3.57,-999.0,Mata Atlântica,3.5
26c7a04a-68cd-32e3-941f-f37ab8f0dc69, -11.082040, -52.615050,2026-04-03 16:37:00,NPP-375,SÃO FÉLIX DO ARAGUAIA,MATO GROSSO,Brasil,5107859,51,33,0,0.0,0.04,Amazônia,9.9
2e5f0b50-0631-34e8-a53a-e60d6868538b, -12.412820, -54.192940,2026-04-03 16:37:00,NPP-375,NOVA UBIRATÃ,MATO GROSSO,Brasil,5106240,51,33,0,0.22,0.01,Amazônia,3.4
3ff5b40b-bc01-3ca0-8bdc-b9fcaf2b6798, -19.479550, -40.271690,2026-04-03 16:37:00,NPP-375,LINHARES,ESPÍRITO SANTO,Brasil,3203205,32,33,2,0.11,0.06,Mata Atlântica,3.6
eae34e86-2a0c-3c65-ad27-c7e506f94b11, -11.090390, -52.602600,2026-04-03 16:37:00,NPP-375,SÃO FÉLIX DO ARAGUAIA,MATO GROSSO,Brasil,5107859,51,33,0,0.0,0.05,Amazônia,9.5
84f9a1cf-5145-3bc6-98af-0900d57be476,  -1.322180, -53.131070,2026-04-03 16:39:00,NPP-375,ALMEIRIM,PARÁ,Brasil,1500503,15,33,1,0.2,0.01,Amazônia,3.6
5a5e3842-8ece-31cd-ab9c-1c37abde57c2,  -1.319450, -53.142110,2026-04-03 16:39:00,NPP-375,ALMEIRIM,PARÁ,Brasil,1500503,15,33,1,0.2,0.01,Amazônia,3.8
bd3973c8-8b4d-3e89-9e66-14ff29f2e08c,  -1.317810, -53.131770,2026-04-03 16:39:00,NPP-375,ALMEIRIM,PARÁ,Brasil,1500503,15,33,1,0.2,0.01,Amazônia,3.6
0c9c1d33-fae0-32d2-99ad-4241429b1d51,  -1.950060, -47.694490,2026-04-03 16:39:00,NPP-375,SÃO DOMINGOS DO CAPIM,PARÁ,Brasil,1507201,15,33,0,2.65,0.0,Amazônia,4.2
066132e0-ce5b-3291-9a90-f4e94e8799ed,  -1.322590, -53.132990,2026-04-03 16:39:00,NPP-375,ALMEIRIM,PARÁ,Brasil,1500503,15,33,1,0.2,0.01,Amazônia,7.8
3d585611-b927-35ac-8312-ed7ecce9050d,  -1.322830, -53.135220,2026-04-03 16:39:00,NPP-375,ALMEIRIM,PARÁ,Brasil,1500503,15,33,1,0.2,0.01,Amazônia,3.6
0504c2c5-3196-3f67-9dea-45c2c03de0df,  -1.320430, -53.148640,2026-04-03 16:39:00,NPP-375,ALMEIRIM,PARÁ,Brasil,1500503,15,33,1,0.2,0.01,Amazônia,7.2
fe20c5d2-f79b-30a5-a36e-30e924ced7dd,  -1.314740, -53.140900,2026-04-03 16:39:00,NPP-375,ALMEIRIM,PARÁ,Brasil,1500503,15,33,1,0.2,0.01,Amazônia,6.0
9699488e-f2bd-3059-bc69-a29aa645e016,  -1.318450, -53.135910,2026-04-03 16:39:00,NPP-375,ALMEIRIM,PARÁ,Brasil,1500503,15,33,1,0.2,0.01,Amazônia,3.6
b8da0cf2-714b-3ef4-b1b1-605f7891dcf2,  -1.320090, -53.146390,2026-04-03 16:39:00,NPP-375,ALMEIRIM,PARÁ,Brasil,1500503,15,33,1,0.2,0.01,Amazônia,3.8
ff8606a8-ae55-3e24-93fe-1871d5ad1725,  -1.323840, -53.141390,2026-04-03 16:39:00,NPP-375,ALMEIRIM,PARÁ,Brasil,1500503,15,33,1,0.2,0.01,Amazônia,3.8
1f01d55f-38f4-350d-9628-b6f254dd6a89,  -1.314080, -53.136650,2026-04-03 16:39:00,NPP-375,ALMEIRIM,PARÁ,Brasil,1500503,15,33,1,0.2,0.01,Amazônia,11.3
b665e573-9f0e-343b-9560-76f03bd0bbfc,  -1.324150, -53.143690,2026-04-03 16:39:00,NPP-375,ALMEIRIM,PARÁ,Brasil,1500503,15,33,1,0.2,0.01,Amazônia,7.1
bfd9e2fc-6885-3d3e-b9a5-ce0ed4874a23,  -1.315400, -53.145160,2026-04-03 16:39:00,NPP-375,ALMEIRIM,PARÁ,Brasil,1500503,15,33,1,0.2,0.01,Amazônia,6.0
c6eb36bd-5fae-3b2c-be38-90f674ae8209,  -1.324470, -53.145700,2026-04-03 16:39:00,NPP-375,ALMEIRIM,PARÁ,Brasil,1500503,15,33,1,0.2,0.01,Amazônia,3.8
c072d3d6-674e-307c-8a24-a586774e78d6,  -1.318210, -53.133680,2026-04-03 16:39:00,NPP-375,ALMEIRIM,PARÁ,Brasil,1500503,15,33,1,0.2,0.01,Amazônia,7.8
b0176bc8-454c-3e44-9bea-c01b009108f5,  -1.319770, -53.144390,2026-04-03 16:39:00,NPP-375,ALMEIRIM,PARÁ,Brasil,1500503,15,33,1,0.2,0.01,Amazônia,7.1
87955b95-b6a7-3358-b8ba-17fcb0fa546e,    .772260, -59.786780,2026-04-03 16:41:00,NPP-375,CAROEBE,RORAIMA,Brasil,1400233,14,33,0,0.7,0.33,Amazônia,4.2
792639f7-1e9a-353a-8ec3-d3dc0a66e339, -31.542270, -52.371500,2026-04-03 16:52:00,NOAA-20,PELOTAS,RIO GRANDE DO SUL,Brasil,4314407,43,33,4,0.0,0.92,Pampa,0.8
696c5fd0-f09f-310a-96e1-03ec72d0ced5, -25.570700, -51.560610,2026-04-03 16:54:00,NOAA-20,GUARAPUAVA,PARANÁ,Brasil,4109401,41,33,0,0.0,0.27,Mata Atlântica,23.1
9c20d1ff-476f-359d-a2cf-365021e1937d, -23.434680, -45.519800,2026-04-03 16:54:00,NOAA-20,NATIVIDADE DA SERRA,SÃO PAULO,Brasil,3532306,35,33,3,9.6,0.15,Mata Atlântica,2.1
77c5920f-4236-31a8-ad7b-5d7031d834a1, -28.802410, -55.712210,2026-04-03 16:54:00,NOAA-20,SÃO BORJA,RIO GRANDE DO SUL,Brasil,4318002,43,33,4,0.0,1.0,Pampa,5.5
e4bb0413-174b-39d8-91c2-6be1612379da, -27.861440, -49.917630,2026-04-03 16:54:00,NOAA-20,PAINEL,SANTA CATARINA,Brasil,4211892,42,33,3,0.0,0.14,Mata Atlântica,4.0
17527331-1950-334a-8f2e-e0eec276845d, -24.589300, -49.140740,2026-04-03 16:54:00,NOAA-20,RIBEIRA,SÃO PAULO,Brasil,3542800,35,33,5,3.99,0.04,Mata Atlântica,4.1
6986d422-8fb9-3eca-bb5d-52a1e2c78619, -28.801490, -55.714080,2026-04-03 16:54:00,NOAA-20,SÃO BORJA,RIO GRANDE DO SUL,Brasil,4318002,43,33,4,0.0,1.0,Pampa,5.7
e9c0e1c1-3ffc-3ef0-9289-0527ded05888, -27.861170, -49.919080,2026-04-03 16:54:00,NOAA-20,PAINEL,SANTA CATARINA,Brasil,4211892,42,33,3,0.0,0.14,Mata Atlântica,2.4
2db52dde-75c7-3d5c-b63b-0f2a5d0b1ad7, -24.585380, -49.137460,2026-04-03 16:54:00,NOAA-20,ITAPIRAPUÃ PAULISTA,SÃO PAULO,Brasil,3522653,35,33,5,4.02,0.04,Mata Atlântica,5.8
65a5a4fd-62ca-3c36-bad0-db4579c5b63c, -30.509820, -51.484250,2026-04-03 16:54:00,NOAA-20,TAPES,RIO GRANDE DO SUL,Brasil,4321105,43,33,-999,0.0,0.46,Pampa,4.8
3ff57ec9-d071-367c-b4a4-2674bada49cd, -23.434440, -47.061670,2026-04-03 16:56:00,NOAA-20,ARAÇARIGUAMA,SÃO PAULO,Brasil,3502754,35,33,0,0.7,0.38,Mata Atlântica,4.7
2baac22e-da79-3d61-b766-d74b9b4c0b37, -17.488000, -52.896030,2026-04-03 16:56:00,NOAA-20,MINEIROS,GOIÁS,Brasil,5213103,52,33,0,0.0,0.05,Cerrado,2.0
de151862-9fb7-3100-bd21-be2232b33d19, -19.588740, -54.019230,2026-04-03 16:56:00,NOAA-20,CAMAPUÃ,MATO GROSSO DO SUL,Brasil,5002605,50,33,5,0.2,0.32,Cerrado,3.5
affc04fa-b599-31c1-af10-24ec99c7bf12, -18.192540, -51.782140,2026-04-03 16:56:00,NOAA-20,JATAÍ,GOIÁS,Brasil,5211909,52,33,1,0.48,0.04,Cerrado,3.4
c8f7ed43-ad28-312f-9c6b-ad6ac1a94a26, -23.778830, -55.326470,2026-04-03 16:56:00,NOAA-20,PARANHOS,MATO GROSSO DO SUL,Brasil,5006358,50,33,2,0.1,0.61,Mata Atlântica,8.2
0832ff0b-614f-314e-b07d-c210d8f5a49c, -19.480490, -40.273160,2026-04-03 16:56:00,NOAA-20,LINHARES,ESPÍRITO SANTO,Brasil,3203205,32,33,2,0.12,-999.0,Mata Atlântica,3.5
3e278539-4260-3580-b557-928ab69da493, -18.797960, -48.549010,2026-04-03 16:56:00,NOAA-20,UBERLÂNDIA,MINAS GERAIS,Brasil,3170206,31,33,1,0.01,0.41,Cerrado,4.6
c4450a1b-634a-3e72-a216-be5134dc9abd, -17.649810, -52.697580,2026-04-03 16:56:00,NOAA-20,MINEIROS,GOIÁS,Brasil,5213103,52,33,0,0.63,0.1,Cerrado,3.7
5cac8f93-6b94-394d-95c9-4c01c5945d5b, -23.778330, -55.321550,2026-04-03 16:56:00,NOAA-20,PARANHOS,MATO GROSSO DO SUL,Brasil,5006358,50,33,2,0.1,0.63,Mata Atlântica,8.8
d31fe249-edac-3a65-9f98-ae47c2cd6474, -16.614280, -42.325180,2026-04-03 16:56:00,NOAA-20,VIRGEM DA LAPA,MINAS GERAIS,Brasil,3171600,31,33,0,0.4,0.15,Cerrado,1.3
d1400613-7859-3776-819f-b0aff87b89de, -20.886010, -51.331920,2026-04-03 16:56:00,NOAA-20,ANDRADINA,SÃO PAULO,Brasil,3502101,35,33,0,0.0,0.31,Mata Atlântica,3.2
8bf9d443-073e-3878-91ed-56d2451b6a8c, -23.778330, -55.329030,2026-04-03 16:56:00,NOAA-20,PARANHOS,MATO GROSSO DO SUL,Brasil,5006358,50,33,2,0.1,0.62,Mata Atlântica,5.5
e1ab6006-3cf5-399b-9d0c-8e9e1675b0d8, -23.777790, -55.324130,2026-04-03 16:56:00,NOAA-20,PARANHOS,MATO GROSSO DO SUL,Brasil,5006358,50,33,2,0.1,0.65,Mata Atlântica,5.5
e68e232d-b43b-377e-b7f1-6560ed6a81b3, -23.432460, -47.061680,2026-04-03 16:56:00,NOAA-20,ARAÇARIGUAMA,SÃO PAULO,Brasil,3502754,35,33,0,0.68,0.38,Mata Atlântica,2.1
23a2d4e3-8361-3450-ac67-83ff62114475, -13.786390, -55.569440,2026-04-03 16:58:00,NOAA-20,NOVA MUTUM,MATO GROSSO,Brasil,5106224,51,33,0,5.99,0.0,Cerrado,5.2
e8b6ffeb-6a5e-33bc-ba08-a90a6a6b0365, -15.972630, -53.553150,2026-04-03 16:58:00,NOAA-20,TESOURO,MATO GROSSO,Brasil,5108105,51,33,5,1.03,0.1,Cerrado,4.0
40c3cebd-36aa-38b8-8a4c-6b4cf0c91395, -13.787350, -55.576590,2026-04-03 16:58:00,NOAA-20,NOVA MUTUM,MATO GROSSO,Brasil,5106224,51,33,0,5.92,0.0,Cerrado,4.4
76b986a7-54e6-3285-b9d0-932324b4a610,  -9.432900, -55.980320,2026-04-03 16:58:00,NOAA-20,ALTA FLORESTA,MATO GROSSO,Brasil,5100250,51,33,0,6.62,0.0,Amazônia,10.7
7c27f65d-83df-37de-b12c-4c3ccb3cf8e0,  -9.426240, -55.961300,2026-04-03 16:58:00,NOAA-20,NOVO PROGRESSO,PARÁ,Brasil,1505031,15,33,0,6.87,0.0,Amazônia,6.0
cc5852c5-a88d-3889-a5cf-274b5dbaeeba, -13.781890, -55.566420,2026-04-03 16:58:00,NOAA-20,NOVA MUTUM,MATO GROSSO,Brasil,5106224,51,33,0,6.05,0.0,Cerrado,5.4
b2e3ca89-9824-3587-b526-0200e620c7f4, -13.790420, -55.568890,2026-04-03 16:58:00,NOAA-20,NOVA MUTUM,MATO GROSSO,Brasil,5106224,51,33,0,5.95,0.0,Cerrado,10.8
c82d005b-d234-35cd-8b9c-f25e7759757e, -13.785920, -55.565880,2026-04-03 16:58:00,NOAA-20,NOVA MUTUM,MATO GROSSO,Brasil,5106224,51,33,0,6.03,0.0,Cerrado,5.4
c010e1be-6906-30bc-a3f1-89bfc0f3d1d7,  -8.752740, -42.100010,2026-04-03 16:58:00,NOAA-20,DOM INOCÊNCIO,PIAUÍ,Brasil,2203453,22,33,4,2.97,0.0,Caatinga,0.8
b9cc3521-203a-3320-931e-d5afd109c4d4, -14.002260, -41.660350,2026-04-03 16:58:00,NOAA-20,BRUMADO,BAHIA,Brasil,2904605,29,33,0,0.0,0.53,Caatinga,4.0
456c49c6-0a48-3d99-82a2-0e01ba847ded, -13.786870, -55.573010,2026-04-03 16:58:00,NOAA-20,NOVA MUTUM,MATO GROSSO,Brasil,5106224,51,33,0,5.96,0.0,Cerrado,5.2
848a8de8-d72e-3e3a-9012-a41291745555, -12.639790, -52.146370,2026-04-03 16:58:00,NOAA-20,QUERÊNCIA,MATO GROSSO,Brasil,5107065,51,33,0,0.1,0.03,Amazônia,1.9
d2d8e0b6-827d-3a11-8fc9-166d919e7ca9, -13.783320, -55.577130,2026-04-03 16:58:00,NOAA-20,NOVA MUTUM,MATO GROSSO,Brasil,5106224,51,33,0,5.94,0.0,Cerrado,4.4
5b88cf89-b802-3152-b3db-8a98d8882a40,  -3.790980, -54.666730,2026-04-03 17:00:00,NOAA-20,PLACAS,PARÁ,Brasil,1505650,15,33,0,0.36,0.01,Amazônia,4.9
ba7bab72-cedf-3e53-b95c-8ec4fafdadd4,  -1.867540, -47.625790,2026-04-03 17:00:00,NOAA-20,SÃO DOMINGOS DO CAPIM,PARÁ,Brasil,1507201,15,33,0,4.31,0.0,Amazônia,6.6
8fafa58c-acd2-3848-98c6-47575fe22538,  -1.871740, -47.625150,2026-04-03 17:00:00,NOAA-20,SÃO DOMINGOS DO CAPIM,PARÁ,Brasil,1507201,15,33,0,4.28,0.0,Amazônia,6.6
93639c58-5758-3849-94ab-719cf3061f34,  -3.794400, -54.666210,2026-04-03 17:00:00,NOAA-20,PLACAS,PARÁ,Brasil,1505650,15,33,0,0.39,0.01,Amazônia,4.9
ffb0ba44-9ca0-3adf-9642-ea67e77cf56d,  -4.122420, -55.819800,2026-04-03 17:00:00,NOAA-20,ITAITUBA,PARÁ,Brasil,1503606,15,33,2,0.67,0.0,Amazônia,3.1
3b0bb5c6-6ec3-39b1-9c6d-2489a03ede94,  -3.267170, -60.947090,2026-04-03 17:02:00,NOAA-20,MANACAPURU,AMAZONAS,Brasil,1302504,13,33,2,0.0,0.0,Amazônia,5.7
2482130a-75fd-3619-82f9-afb14aef8bc9,   1.356050, -60.311100,2026-04-03 17:02:00,NOAA-20,CARACARAÍ,RORAIMA,Brasil,1400209,14,33,2,4.41,0.03,Amazônia,17.5
9e427a4a-d50a-3133-b767-7601c43d3cb7,   1.151760, -60.321450,2026-04-03 17:02:00,NOAA-20,CARACARAÍ,RORAIMA,Brasil,1400209,14,33,2,0.84,0.09,Amazônia,8.3
fd695378-3688-3786-95fa-d94112fe06f8,    .774790, -59.786910,2026-04-03 17:02:00,NOAA-20,CAROEBE,RORAIMA,Brasil,1400233,14,33,0,0.7,0.38,Amazônia,5.0
4cd679d4-0bba-379c-91ee-a934a88d342f,    .772770, -59.787080,2026-04-03 17:02:00,NOAA-20,CAROEBE,RORAIMA,Brasil,1400233,14,33,0,0.7,0.32,Amazônia,6.1
02b1d49f-9f27-3920-8836-4f0596deb0b9,   1.356730, -60.306820,2026-04-03 17:02:00,NOAA-20,CARACARAÍ,RORAIMA,Brasil,1400209,14,33,2,4.41,0.04,Amazônia,20.1
77a6937d-4857-348c-a297-816dcc039474,  -1.315810, -53.149610,2026-04-03 17:02:00,NOAA-20,ALMEIRIM,PARÁ,Brasil,1500503,15,33,1,0.2,0.01,Amazônia,4.9
19c3218a-5153-3839-aa71-4e4d1b70c5f4,  -2.976660, -58.383920,2026-04-03 17:02:00,NOAA-20,SILVES,AMAZONAS,Brasil,1304005,13,33,2,0.0,0.05,Amazônia,3.0
b760b51c-30c2-32b3-a058-09cdd6b66139,  -3.343570, -59.642100,2026-04-03 17:02:00,NOAA-20,CAREIRO DA VÁRZEA,AMAZONAS,Brasil,1301159,13,33,2,0.79,0.01,Amazônia,5.6
ce36daab-7bd8-342d-b302-743a440ceb73,  -3.268500, -60.950800,2026-04-03 17:02:00,NOAA-20,MANACAPURU,AMAZONAS,Brasil,1302504,13,33,2,0.0,0.0,Amazônia,15.7
758b4226-7607-39aa-b90a-7c4f93f709fa,    .054810, -60.668490,2026-04-03 17:02:00,NOAA-20,RORAINÓPOLIS,RORAIMA,Brasil,1400472,14,33,2,0.1,0.01,Amazônia,8.0
490f9ca6-4238-3640-82a2-891ffe718664,  -3.339030, -59.642800,2026-04-03 17:02:00,NOAA-20,CAREIRO DA VÁRZEA,AMAZONAS,Brasil,1301159,13,33,2,0.74,0.0,Amazônia,4.4
ef260878-5959-3de3-97f7-c19fa095b506,   1.549320, -60.598290,2026-04-03 17:02:00,NOAA-20,CARACARAÍ,RORAIMA,Brasil,1400209,14,33,1,5.73,0.02,Amazônia,23.8
16c6d5f3-bdf9-34a7-b104-3a1748e33c48,  -3.355750, -59.018500,2026-04-03 17:02:00,NOAA-20,AUTAZES,AMAZONAS,Brasil,1300300,13,33,2,0.0,-999.0,Amazônia,4.8
0c693464-0013-3228-ae65-258a47b585de,   3.291230, -61.369800,2026-04-03 17:02:00,NOAA-20,ALTO ALEGRE,RORAIMA,Brasil,1400050,14,33,0,0.94,0.44,Amazônia,12.5
3c517670-4abc-3cc5-bf99-472955626631,  -1.542500, -52.721780,2026-04-03 17:02:00,NOAA-20,ALMEIRIM,PARÁ,Brasil,1500503,15,33,3,2.36,0.0,Amazônia,1.7
f2d5e27f-1dc8-3c3c-9e39-5741d062735c,   1.156200, -60.322110,2026-04-03 17:02:00,NOAA-20,CARACARAÍ,RORAIMA,Brasil,1400209,14,33,2,0.91,0.09,Amazônia,8.3
ad157654-704d-3b7a-9ea2-537ae3df04b9,    .475260, -60.324890,2026-04-03 17:02:00,NOAA-20,RORAINÓPOLIS,RORAIMA,Brasil,1400472,14,33,1,5.29,0.0,Amazônia,8.5
620fe6e5-a99f-3569-aeb4-857db79d4132,  -1.321380, -53.141750,2026-04-03 17:02:00,NOAA-20,ALMEIRIM,PARÁ,Brasil,1500503,15,33,1,0.2,0.01,Amazônia,7.9
bbaaf794-d69e-323b-9722-37df27a86fb4,   1.361140, -60.307530,2026-04-03 17:02:00,NOAA-20,CARACARAÍ,RORAIMA,Brasil,1400209,14,33,2,4.45,0.04,Amazônia,11.8
e8067da8-3444-3da5-8b7b-d3121f8ca310,  -1.318590, -53.145680,2026-04-03 17:02:00,NOAA-20,ALMEIRIM,PARÁ,Brasil,1500503,15,33,1,0.2,0.01,Amazônia,6.7
3f930fe0-a060-36ce-b666-c6bc874c4bf7,   1.151080, -60.325750,2026-04-03 17:02:00,NOAA-20,CARACARAÍ,RORAIMA,Brasil,1400209,14,33,2,0.82,0.09,Amazônia,29.2
0e5fdf6d-a706-3576-bf2c-f39705e36027,  -1.323640, -53.134370,2026-04-03 17:02:00,NOAA-20,ALMEIRIM,PARÁ,Brasil,1500503,15,33,1,0.2,0.01,Amazônia,8.7
109f597a-6046-3f69-883f-6381aa489fc6,   4.120840, -61.356780,2026-04-03 17:05:00,NOAA-20,AMAJARI,RORAIMA,Brasil,1400027,14,33,3,17.77,0.0,Amazônia,19.3
63f4e9c6-7297-3e09-8fd7-a35c8467f67e,   4.281430, -60.078340,2026-04-03 17:05:00,NOAA-20,UIRAMUTÃ,RORAIMA,Brasil,1400704,14,33,0,1.25,0.48,Amazônia,5.7
0e49c6a4-83e2-320d-b5bd-dba37549bbac,   4.667180, -60.242610,2026-04-03 17:05:00,NOAA-20,UIRAMUTÃ,RORAIMA,Brasil,1400704,14,33,2,6.28,0.06,Amazônia,5.1
52074724-bc65-31f6-af9a-33e8bd78c4b8,   4.667800, -60.238780,2026-04-03 17:05:00,NOAA-20,UIRAMUTÃ,RORAIMA,Brasil,1400704,14,33,1,6.2,0.05,Amazônia,5.1
260575e7-bd93-3ac9-834b-29aa3bf6a2d4,   4.661920, -60.222300,2026-04-03 17:05:00,NOAA-20,UIRAMUTÃ,RORAIMA,Brasil,1400704,14,33,1,5.85,0.04,Amazônia,5.9
c0c5b72e-8f33-3db6-adda-f1eef9ab6ae5,   4.665360, -60.253930,2026-04-03 17:05:00,NOAA-20,UIRAMUTÃ,RORAIMA,Brasil,1400704,14,33,2,6.77,0.05,Amazônia,2.7
71ba4461-7b4b-35c4-b422-ac460d4d2590,   4.569510, -60.391900,2026-04-03 17:05:00,NOAA-20,UIRAMUTÃ,RORAIMA,Brasil,1400704,14,33,3,10.99,0.01,Amazônia,3.3
915cb169-f3f9-376d-b387-168e98670a0e, -31.607880, -52.900090,2026-04-03 17:41:00,NOAA-21,CANGUÇU,RIO GRANDE DO SUL,Brasil,4304507,43,33,4,0.0,0.85,Pampa,3.3
22d8dc38-e200-37ed-b53a-53d1e8e09094, -29.406710, -51.605750,2026-04-03 17:41:00,NOAA-21,BARÃO,RIO GRANDE DO SUL,Brasil,4301651,43,33,4,0.0,0.23,Mata Atlântica,2.2
9a46b768-89ef-32df-b5eb-434504d133db, -28.981500, -55.656680,2026-04-03 17:41:00,NOAA-21,SÃO BORJA,RIO GRANDE DO SUL,Brasil,4318002,43,33,4,0.0,1.0,Pampa,3.0
9ec266a2-c700-3b0d-baf0-2a112e0d008c, -29.544370, -51.061260,2026-04-03 17:41:00,NOAA-21,MORRO REUTER,RIO GRANDE DO SUL,Brasil,4312476,43,33,4,0.0,0.28,Mata Atlântica,9.1
9ea3ac65-1022-3bd1-933b-fcb77cfadeb6, -23.781330, -55.317740,2026-04-03 17:43:00,NOAA-21,PARANHOS,MATO GROSSO DO SUL,Brasil,5006358,50,33,2,0.1,0.53,Mata Atlântica,7.4
9c770c8e-ce4a-32f2-9390-b4c0dbcd8528, -23.853910, -49.395670,2026-04-03 17:43:00,NOAA-21,RIVERSUL,SÃO PAULO,Brasil,3543501,35,33,3,1.1,0.43,Mata Atlântica,4.5
45dd8e68-08f9-3938-b2a2-e5af84f6154d, -22.182080, -56.968770,2026-04-03 17:43:00,NOAA-21,BELA VISTA,MATO GROSSO DO SUL,Brasil,5002100,50,33,2,1.14,0.33,Cerrado,5.6
c12693c7-47e9-30d4-9c8b-569a42b6def6, -27.405020, -53.704330,2026-04-03 17:43:00,NOAA-21,TENENTE PORTELA,RIO GRANDE DO SUL,Brasil,4321402,43,33,4,1.19,0.37,Mata Atlântica,3.9
5b7ed905-fc55-3db1-b16d-f23d717a05d0, -21.156800, -51.489960,2026-04-03 17:43:00,NOAA-21,NOVA INDEPENDÊNCIA,SÃO PAULO,Brasil,3533205,35,33,0,0.0,0.72,Mata Atlântica,0.7
2b511d7b-cc41-38d9-b827-fa6a547b866d, -23.774460, -55.325080,2026-04-03 17:43:00,NOAA-21,PARANHOS,MATO GROSSO DO SUL,Brasil,5006358,50,33,2,0.1,0.75,Mata Atlântica,13.6
ffaaff0c-2584-33f3-8f63-7eb17e8e5875, -23.706770, -54.944100,2026-04-03 17:43:00,NOAA-21,TACURU,MATO GROSSO DO SUL,Brasil,5007950,50,33,2,0.0,0.41,Mata Atlântica,2.6
a41b5f82-5001-3c31-9c48-f130e50f6ed9, -23.782380, -55.323380,2026-04-03 17:43:00,NOAA-21,PARANHOS,MATO GROSSO DO SUL,Brasil,5006358,50,33,2,0.1,0.48,Mata Atlântica,7.4
405efbeb-b35e-352d-87ce-c3a739cdb3f2, -23.779470, -55.329810,2026-04-03 17:43:00,NOAA-21,PARANHOS,MATO GROSSO DO SUL,Brasil,5006358,50,33,2,0.1,0.58,Mata Atlântica,5.4
4be0ef7b-fe87-39ba-a795-3db65c8f0a17, -18.799840, -48.544600,2026-04-03 17:45:00,NOAA-21,UBERLÂNDIA,MINAS GERAIS,Brasil,3170206,31,33,1,0.05,0.32,Cerrado,17.1
8f4135b0-e431-3f1b-b2d5-f0c578f81bb6, -20.483380, -54.732290,2026-04-03 17:45:00,NOAA-21,CAMPO GRANDE,MATO GROSSO DO SUL,Brasil,5002704,50,33,3,0.0,0.37,Cerrado,2.7
70ec7642-4bff-36e9-a6dc-5e270d4f363c, -12.445520, -51.388900,2026-04-03 17:45:00,NOAA-21,BOM JESUS DO ARAGUAIA,MATO GROSSO,Brasil,5101852,51,33,1,0.0,0.05,Cerrado,9.4
a93fc8a1-f7fb-31a9-b1f1-48bc97c3e490, -15.969950, -53.554860,2026-04-03 17:45:00,NOAA-21,TESOURO,MATO GROSSO,Brasil,5108105,51,33,5,1.05,0.1,Cerrado,8.4
de0898ce-9e8d-36e6-907d-6169a3487257, -12.442160, -51.392420,2026-04-03 17:45:00,NOAA-21,BOM JESUS DO ARAGUAIA,MATO GROSSO,Brasil,5101852,51,33,1,0.0,0.04,Cerrado,7.7
6261bd6c-884b-3a2b-ae7f-84b394840c3b, -11.228370, -62.020200,2026-04-03 17:47:00,NOAA-21,PRESIDENTE MÉDICI,RONDÔNIA,Brasil,1100254,11,33,0,1.8,0.14,Amazônia,2.0
7fc6220b-07ea-3bc7-b60f-f23ddaa80280,  -9.462450, -59.196120,2026-04-03 17:47:00,NOAA-21,COLNIZA,MATO GROSSO,Brasil,5103254,51,33,0,6.47,0.01,Amazônia,2.8
3255d878-db86-3286-aa6f-de52b3aa7a61,  -6.808000, -54.611000,2026-04-03 17:47:00,NOAA-21,ALTAMIRA,PARÁ,Brasil,1500602,15,33,0,1.01,0.0,Amazônia,2.2
61fe903f-d6c1-3670-995e-95ebd74bd074, -11.860720, -50.844230,2026-04-03 17:47:00,NOAA-21,SÃO FÉLIX DO ARAGUAIA,MATO GROSSO,Brasil,5107859,51,33,0,0.3,0.07,Cerrado,5.0
f953d58c-c58b-3a53-a346-ee9f839c4311,  -3.341620, -59.643880,2026-04-03 17:49:00,NOAA-21,CAREIRO DA VÁRZEA,AMAZONAS,Brasil,1301159,13,33,2,0.77,0.01,Amazônia,4.5
958784da-613d-353b-b6df-0c0742bc7850,  -3.286520, -60.441260,2026-04-03 17:49:00,NOAA-21,MANACAPURU,AMAZONAS,Brasil,1302504,13,33,1,1.86,0.0,Amazônia,3.2
99b80fc1-5c6b-3e43-a9e2-5ce8cf251a53,  -6.124640, -62.592160,2026-04-03 17:49:00,NOAA-21,TAPAUÁ,AMAZONAS,Brasil,1304104,13,33,0,1.95,0.0,Amazônia,2.8
9aee9e24-77a3-3d8e-8497-d7b852846296,  -6.472920, -55.991240,2026-04-03 17:49:00,NOAA-21,ITAITUBA,PARÁ,Brasil,1503606,15,33,0,1.11,0.0,Amazônia,5.1
c003b9fd-c9d0-3921-879e-e15fb2dae5ed,  -4.934880, -59.964070,2026-04-03 17:49:00,NOAA-21,NOVO ARIPUANÃ,AMAZONAS,Brasil,1303304,13,33,0,0.0,0.0,Amazônia,13.1
f980b9cd-0808-3622-9626-c60b0f175636,  -3.655400, -59.650810,2026-04-03 17:49:00,NOAA-21,AUTAZES,AMAZONAS,Brasil,1300300,13,33,2,0.5,0.0,Amazônia,7.5
5e7aa486-9728-34e6-8e33-2a5937396746,  -3.356420, -64.694170,2026-04-03 17:49:00,NOAA-21,TEFÉ,AMAZONAS,Brasil,1304203,13,33,0,1.5,0.02,Amazônia,2.5
6ab78e5d-3945-3a56-9b0b-2152dd4e2609,    .057260, -60.669980,2026-04-03 17:49:00,NOAA-21,RORAINÓPOLIS,RORAIMA,Brasil,1400472,14,33,2,0.12,0.01,Amazônia,26.7
766736fb-198f-3a0e-813f-5823c7f61d8e,  -6.124040, -62.588360,2026-04-03 17:49:00,NOAA-21,MANICORÉ,AMAZONAS,Brasil,1302702,13,33,0,1.88,0.0,Amazônia,2.8
d7d510b8-3d64-31bc-b7f8-b28d5ea484c0,   3.300470, -61.372210,2026-04-03 17:52:00,NOAA-21,ALTO ALEGRE,RORAIMA,Brasil,1400050,14,33,1,0.91,0.44,Amazônia,6.4
eb49554a-b0e1-394e-bf86-dbbe1408e99d,   1.153800, -60.325310,2026-04-03 17:52:00,NOAA-21,CARACARAÍ,RORAIMA,Brasil,1400209,14,33,2,0.88,0.09,Amazônia,67.9
23fc85ba-498b-3447-850f-8e0792e7ecc4,   4.615890, -60.124990,2026-04-03 17:52:00,NOAA-21,UIRAMUTÃ,RORAIMA,Brasil,1400704,14,33,0,4.05,0.16,Amazônia,2.0
83280fc5-39a6-3905-bbca-da018198815e,   4.612540, -60.122840,2026-04-03 17:52:00,NOAA-21,UIRAMUTÃ,RORAIMA,Brasil,1400704,14,33,0,4.03,0.23,Amazônia,14.3
7efbb4d9-da14-3fc3-b2d7-a6dc4fb9fb39,   1.035640, -60.183940,2026-04-03 17:52:00,NOAA-21,SÃO LUIZ,RORAIMA,Brasil,1400605,14,33,0,1.25,0.69,Amazônia,6.3
d2f1a1d0-9a50-3c08-9318-21efcdc3c9b4,   1.034430, -60.185590,2026-04-03 17:52:00,NOAA-21,SÃO LUIZ,RORAIMA,Brasil,1400605,14,33,1,1.25,0.72,Amazônia,7.0
44d0dcc0-5ee2-3178-bfd8-945351110211,   4.611260, -60.124250,2026-04-03 17:52:00,NOAA-21,UIRAMUTÃ,RORAIMA,Brasil,1400704,14,33,0,4.04,0.2,Amazônia,6.1
e80f5448-0420-37a5-9d31-a0070cfbe46a,    .663410, -60.591420,2026-04-03 17:52:00,NOAA-21,RORAINÓPOLIS,RORAIMA,Brasil,1400472,14,33,0,2.0,0.02,Amazônia,9.0
c37e1362-8d8e-3a35-9ee1-1c13f3e24c60,   4.628420, -60.136750,2026-04-03 17:52:00,NOAA-21,UIRAMUTÃ,RORAIMA,Brasil,1400704,14,33,0,4.17,0.16,Amazônia,18.1
f62d5aaf-c147-3314-9c13-449fe0ff868c,   1.153180, -60.329480,2026-04-03 17:52:00,NOAA-21,CARACARAÍ,RORAIMA,Brasil,1400209,14,33,2,0.86,0.09,Amazônia,67.9
81a32b94-8bcd-3691-828a-2b460b0e9cb3,   2.664090, -60.560090,2026-04-03 17:52:00,NOAA-21,CANTÁ,RORAIMA,Brasil,1400175,14,33,2,0.0,0.17,Amazônia,9.1
ea391a08-ba87-394a-9b79-cefc45e979cd,    .885860, -60.098600,2026-04-03 17:52:00,NOAA-21,SÃO LUIZ,RORAIMA,Brasil,1400605,14,33,2,2.6,0.33,Amazônia,4.2
b8df0ee8-013b-3318-bcdb-3a93a3b7df6b,   3.299900, -61.376020,2026-04-03 17:52:00,NOAA-21,ALTO ALEGRE,RORAIMA,Brasil,1400050,14,33,0,0.93,0.43,Amazônia,11.8
5307a285-12d6-3318-b204-b6fa070a0de7,   4.690080, -60.264160,2026-04-03 17:52:00,NOAA-21,UIRAMUTÃ,RORAIMA,Brasil,1400704,14,33,2,7.79,0.01,Amazônia,4.5
9602d9f1-7163-34e3-a571-1c2608817fd0,   3.291570, -61.374770,2026-04-03 17:52:00,NOAA-21,ALTO ALEGRE,RORAIMA,Brasil,1400050,14,33,0,0.98,0.44,Amazônia,4.2
05884891-08ed-3783-8675-cdc9ae5726cb, -29.513870, -51.536500,2026-04-03 18:13:00,NPP-375,MARATÁ,RIO GRANDE DO SUL,Brasil,4311791,43,33,4,0.0,0.22,Mata Atlântica,4.8
efb09ced-dbbe-3341-91e2-0606de562870, -29.113530, -54.228490,2026-04-03 18:13:00,NPP-375,TUPANCIRETÃ,RIO GRANDE DO SUL,Brasil,4322202,43,33,1,0.0,1.0,Pampa,0.4
de22a4fe-206f-303a-924b-f444cf2181d9, -28.888150, -50.808640,2026-04-03 18:13:00,NPP-375,SÃO FRANCISCO DE PAULA,RIO GRANDE DO SUL,Brasil,4318200,43,33,2,0.1,0.15,Mata Atlântica,21.8
d2d9036d-09d8-3c3f-b532-d2dfc737a75e, -23.774410, -55.323540,2026-04-03 18:15:00,NPP-375,PARANHOS,MATO GROSSO DO SUL,Brasil,5006358,50,33,2,0.1,0.75,Mata Atlântica,8.2
7e55e2bb-876c-395c-9940-82b45ba93797, -23.448440, -51.966480,2026-04-03 18:15:00,NPP-375,MARINGÁ,PARANÁ,Brasil,4115200,41,33,2,0.0,0.14,Mata Atlântica,5.5
8da0baa6-5414-38a7-8de0-13203fbbd703, -23.775470, -55.328090,2026-04-03 18:15:00,NPP-375,PARANHOS,MATO GROSSO DO SUL,Brasil,5006358,50,33,2,0.1,0.73,Mata Atlântica,3.4
160768d1-39fe-35de-862f-c20fc870eff6, -23.777010, -55.318700,2026-04-03 18:15:00,NPP-375,PARANHOS,MATO GROSSO DO SUL,Brasil,5006358,50,33,2,0.1,0.69,Mata Atlântica,6.7
be2feb29-dd23-3e38-81a7-519ae0d7edd7, -13.640320, -59.613870,2026-04-03 18:17:00,NPP-375,COMODORO,MATO GROSSO,Brasil,5103304,51,33,0,1.36,0.01,Amazônia,5.2
ddd19ede-0402-3aa9-91f8-545f3f7fe5a3,  -4.299790, -59.498440,2026-04-03 18:19:00,NPP-375,BORBA,AMAZONAS,Brasil,1300805,13,33,2,0.5,0.0,Amazônia,6.6
4d6d230f-5d4c-3b62-b17f-07061d2e4d91,  -9.598840, -64.285810,2026-04-03 18:19:00,NPP-375,PORTO VELHO,RONDÔNIA,Brasil,1100205,11,33,0,4.94,0.03,Amazônia,5.5
383142cc-1870-3111-bb54-ef8a1226bbae,  -6.125130, -62.591340,2026-04-03 18:19:00,NPP-375,MANICORÉ,AMAZONAS,Brasil,1302702,13,33,0,1.93,0.0,Amazônia,2.0
431e439c-3ada-34a5-b1bd-ce61fc75d649,  -7.791520, -62.381650,2026-04-03 18:19:00,NPP-375,HUMAITÁ,AMAZONAS,Brasil,1301704,13,33,0,1.48,0.01,Amazônia,2.2
1f9613f4-9854-38c5-864d-cb014565daaf,  -4.293260, -59.499270,2026-04-03 18:19:00,NPP-375,BORBA,AMAZONAS,Brasil,1300805,13,33,2,0.5,0.0,Amazônia,6.6
5088d593-7610-3808-ba23-056232e67acc,  -9.665800, -65.056150,2026-04-03 18:19:00,NPP-375,PORTO VELHO,RONDÔNIA,Brasil,1100205,11,33,2,4.41,0.07,Amazônia,2.5
c1ea2fe6-b54e-3f31-8d61-064a90c4160c,    .057350, -60.667030,2026-04-03 18:21:00,NPP-375,RORAINÓPOLIS,RORAIMA,Brasil,1400472,14,33,2,0.12,0.01,Amazônia,6.4
515344d6-7975-3904-a2b0-d27879993f23,  -3.445420, -59.223940,2026-04-03 18:21:00,NPP-375,AUTAZES,AMAZONAS,Brasil,1300300,13,33,2,0.1,0.0,Amazônia,4.4
8da852a0-cb0a-3de2-a03e-5a5754386db5,    .057830, -60.668030,2026-04-03 18:21:00,NPP-375,RORAINÓPOLIS,RORAIMA,Brasil,1400472,14,33,2,0.13,0.01,Amazônia,6.8
6f4ad2e0-a76e-3f80-b883-45b478d5843e,  -3.447890, -59.222950,2026-04-03 18:21:00,NPP-375,AUTAZES,AMAZONAS,Brasil,1300300,13,33,2,0.1,0.01,Amazônia,2.3
bfed783f-913d-3623-b9bd-eda029b4c494, -28.806300, -55.713910,2026-04-03 18:34:00,NOAA-20,SÃO BORJA,RIO GRANDE DO SUL,Brasil,4318002,43,33,4,0.0,1.0,Pampa,4.5
653016a7-d121-3c0b-9251-40cbd49b40e6, -28.807430, -55.710170,2026-04-03 18:34:00,NOAA-20,SÃO BORJA,RIO GRANDE DO SUL,Brasil,4318002,43,33,4,0.0,1.0,Pampa,4.0
9feda9e0-ef3b-3cc7-b20a-59afbf62a56f, -29.517150, -51.543930,2026-04-03 18:49:00,AQUA_M-T,MARATÁ,RIO GRANDE DO SUL,Brasil,4311791,43,33,4,0.0,0.22,Mata Atlântica,6.2
1c46ebb3-6d99-374e-bbc1-039c889de5e8, -17.915350, -54.137510,2026-04-03 18:51:00,AQUA_M-T,PEDRO GOMES,MATO GROSSO DO SUL,Brasil,5006408,50,33,0,0.47,0.02,Cerrado,11.0
63e3d893-9ebe-3702-b177-6e2b0ed9e78c, -12.207620, -57.574300,2026-04-03 18:53:00,AQUA_M-T,NOVA MARINGÁ,MATO GROSSO,Brasil,5108907,51,33,0,0.1,0.02,Amazônia,10.2
95d727e3-312c-37b6-a98e-5bd573f67c4b, -11.139660, -52.472370,2026-04-03 18:53:00,AQUA_M-T,SÃO FÉLIX DO ARAGUAIA,MATO GROSSO,Brasil,5107859,51,33,0,0.0,0.01,Amazônia,7.7
0ab4222e-4527-325a-a748-ead69af9f545, -15.555750, -51.168400,2026-04-03 18:53:00,AQUA_M-T,SANTA FÉ DE GOIÁS,GOIÁS,Brasil,5219258,52,33,0,0.0,0.2,Cerrado,4.9
983ca980-babd-3ac9-b48b-5496af4e567c, -13.735530, -57.151700,2026-04-03 18:53:00,AQUA_M-T,SÃO JOSÉ DO RIO CLARO,MATO GROSSO,Brasil,5107305,51,33,0,0.8,0.01,Cerrado,11.7
afe04938-cc73-3489-bf4f-56789fdb87b6, -13.170820, -53.952590,2026-04-03 18:53:00,AQUA_M-T,GAÚCHA DO NORTE,MATO GROSSO,Brasil,5103858,51,33,0,0.3,0.04,Amazônia,11.4
41d5b6c7-ec4b-3069-8274-668f400f8332, -15.915070, -51.538210,2026-04-03 18:53:00,AQUA_M-T,MONTES CLAROS DE GOIÁS,GOIÁS,Brasil,5213707,52,33,0,0.0,0.17,Cerrado,8.9
1133f27a-d6cc-3dde-9a9c-b125c184ac1f, -17.017460, -50.757790,2026-04-03 18:53:00,AQUA_M-T,PARAÚNA,GOIÁS,Brasil,5216403,52,33,0,0.1,0.09,Cerrado,6.1
9b023874-4b85-330d-893f-ca7fd041756c, -11.866470, -50.851400,2026-04-03 18:53:00,AQUA_M-T,SÃO FÉLIX DO ARAGUAIA,MATO GROSSO,Brasil,5107859,51,33,0,0.28,0.07,Cerrado,5.8
304218ed-c648-3132-8950-b5572bfa68b7, -12.648930, -54.442200,2026-04-03 18:53:00,AQUA_M-T,NOVA UBIRATÃ,MATO GROSSO,Brasil,5106240,51,33,0,0.2,0.0,Amazônia,9.8
5e44d0fa-8fa2-3746-9d51-45fca61d8cb7, -13.002430, -54.683080,2026-04-03 18:53:00,AQUA_M-T,NOVA UBIRATÃ,MATO GROSSO,Brasil,5106240,51,33,0,0.17,0.01,Amazônia,10.5
068fe74b-0ebe-3e95-8320-246ec4fd7ec1, -11.865030, -50.841890,2026-04-03 18:53:00,AQUA_M-T,SÃO FÉLIX DO ARAGUAIA,MATO GROSSO,Brasil,5107859,51,33,0,0.3,0.07,Cerrado,9.6
208dec9b-e228-3a65-ad62-0db5fd27f7db, -12.561560, -54.618210,2026-04-03 18:53:00,AQUA_M-T,NOVA UBIRATÃ,MATO GROSSO,Brasil,5106240,51,33,0,0.1,0.0,Amazônia,5.9
be1c12f9-809d-31b5-9e4e-36e1d931b134, -13.172210, -53.962410,2026-04-03 18:53:00,AQUA_M-T,GAÚCHA DO NORTE,MATO GROSSO,Brasil,5103858,51,33,0,0.3,0.03,Amazônia,12.7
b1a6d01e-6909-3d85-8bf5-0c3de7084446, -15.979100, -53.553800,2026-04-03 18:53:00,AQUA_M-T,TESOURO,MATO GROSSO,Brasil,5108105,51,33,5,1.04,0.28,Cerrado,7.4
1511feb6-2b66-3324-a950-d269e0cda1f4, -12.715110, -54.604850,2026-04-03 18:53:00,AQUA_M-T,NOVA UBIRATÃ,MATO GROSSO,Brasil,5106240,51,33,0,0.2,0.01,Amazônia,10.0
0581f770-19b8-30a0-943c-9e8b6356801f, -12.285080, -54.089160,2026-04-03 18:53:00,AQUA_M-T,NOVA UBIRATÃ,MATO GROSSO,Brasil,5106240,51,33,0,0.4,0.0,Amazônia,9.1
62e82d6d-309a-3992-abb4-28e6dd216829, -10.595910, -52.665060,2026-04-03 18:56:00,AQUA_M-T,SÃO JOSÉ DO XINGU,MATO GROSSO,Brasil,5107354,51,33,0,0.0,0.03,Amazônia,9.8
fd0c1caf-862f-304f-9511-87d6c5a8bc49,  -1.325960, -53.145490,2026-04-03 18:58:00,AQUA_M-T,ALMEIRIM,PARÁ,Brasil,1500503,15,33,1,0.2,0.01,Amazônia,12.3
829fdcd9-a834-309a-9161-53a269625980,   2.767800, -61.514160,2026-04-03 19:00:00,AQUA_M-T,MUCAJAÍ,RORAIMA,Brasil,1400308,14,33,2,4.93,0.29,Amazônia,10.4
3f117588-e942-3309-869b-f2219abd7d24,    .863410, -60.215650,2026-04-03 19:00:00,AQUA_M-T,SÃO LUIZ,RORAIMA,Brasil,1400605,14,33,0,2.62,0.15,Amazônia,14.0
56dfd8bb-5cc4-3a37-a2df-458cc01590ff,   2.027580, -60.899470,2026-04-03 19:00:00,AQUA_M-T,CANTÁ,RORAIMA,Brasil,1400175,14,33,2,0.27,0.09,Amazônia,25.6
be3af977-dbb3-3fec-bddb-b28d84c448fc,   2.243690, -60.304190,2026-04-03 19:00:00,AQUA_M-T,CANTÁ,RORAIMA,Brasil,1400175,14,33,0,1.51,0.14,Amazônia,9.7
d4a49f18-d715-3224-82b9-fd5a8fb6b945,   4.655940, -60.226490,2026-04-03 19:00:00,AQUA_M-T,UIRAMUTÃ,RORAIMA,Brasil,1400704,14,33,1,5.93,0.09,Amazônia,20.7
f5f61f1b-871a-3601-8049-581ddbf16c75,   4.107490, -61.363200,2026-04-03 19:00:00,AQUA_M-T,AMAJARI,RORAIMA,Brasil,1400027,14,33,3,17.11,0.0,Amazônia,12.6
dde7cf6d-5a77-3aaf-884a-990888f88071,    .854430, -60.576060,2026-04-03 19:00:00,AQUA_M-T,RORAINÓPOLIS,RORAIMA,Brasil,1400472,14,33,1,0.64,0.05,Amazônia,14.9
8b190a00-54c0-362a-80f5-b41d28646a34,   2.847690, -60.196210,2026-04-03 19:00:00,AQUA_M-T,BONFIM,RORAIMA,Brasil,1400159,14,33,2,0.1,0.19,Amazônia,14.9
1dfbcb10-9c15-3e98-933f-025429203b83,   2.033720, -60.905610,2026-04-03 19:00:00,AQUA_M-T,CANTÁ,RORAIMA,Brasil,1400175,14,33,2,0.21,0.07,Amazônia,23.7
cc382ad7-d3eb-3770-991c-36d46d8dfb6a,   1.904400, -61.102600,2026-04-03 23:00:00,GOES-19,CARACARAÍ,RORAIMA,Brasil,1400209,14,33,0,1.5,0.14,Amazônia,67.6
3d90e100-bada-3a1e-8d08-7417f5ee0698,   1.886100, -61.102800,2026-04-03 23:10:00,GOES-19,CARACARAÍ,RORAIMA,Brasil,1400209,14,33,0,1.5,0.38,Amazônia,50.7
e8ac21e2-3f33-3afd-b3c6-5db3b082cde4,   1.904400, -61.102600,2026-04-03 23:10:00,GOES-19,CARACARAÍ,RORAIMA,Brasil,1400209,14,33,0,1.5,0.14,Amazônia,84.7
7d85d22d-b0d0-393b-91c7-2f8d36f32469,   1.904400, -61.102600,2026-04-03 23:20:00,GOES-19,CARACARAÍ,RORAIMA,Brasil,1400209,14,33,0,1.5,0.14,Amazônia,87.5
c2c6777c-b2f7-30e6-a4f5-3af5384e1d8c,   1.904400, -61.102600,2026-04-03 23:30:00,GOES-19,CARACARAÍ,RORAIMA,Brasil,1400209,14,33,0,1.5,0.14,Amazônia,79.0
504bdb26-0b73-301d-93fe-3bc5b8d09b99,   1.904400, -61.102600,2026-04-03 23:40:00,GOES-19,CARACARAÍ,RORAIMA,Brasil,1400209,14,33,0,1.5,0.14,Amazônia,82.4
20e8c7ae-d459-3653-a95d-a57cb6d62d83,   1.904400, -61.102600,2026-04-03 23:50:00,GOES-19,CARACARAÍ,RORAIMA,Brasil,1400209,14,33,0,1.5,0.14,Amazônia,86.7
